Temperature,Humidity,Storage_Days,Spoilage_Label,Grain_Type,Airflow,Dew_Point,Ambient_Light,Pest_Presence,Grain_Moisture,Rainfall
27.34027961,82.26244591,28,Spoiled,1,1.225340363,15.95679824,54.06599785,0,16.21453733,1.317367228
25.30876741,58.84837767,29,Safe,1,0.590728748,10.80186757,130.331371,0,18.3975349,0.534956306
28.18508666,51.57707245,16,Spoiled,1,0.617403879,18.28652906,183.1136803,0,14.66963366,1.284761498
31.47917528,86.6195319,15,Spoiled,1,0.111709155,18.75133619,194.3087748,1,18.36435514,2.157540599
29.3684371,51.35783914,24,Spoiled,1,0.404734359,19.7094025,126.3438561,1,15.81717101,1.149591854
36.77763942,68.96856867,22,Spoiled,1,0.867786828,15.80645226,92.38254013,1,15.85780184,1.77211996
25.69675619,83.15661897,19,Spoiled,1,1.194743968,18.09675036,58.24494603,0,13.72215237,2.258194978
25.97577389,59.20035349,15,Safe,1,0.825211293,19.82521272,73.1781245,0,13.70829982,1.679730767
39.4844805,53.07812807,28,Spoiled,1,1.039620463,18.14386779,126.5690197,1,15.24000879,0.475282684
37.12596022,77.85155104,19,Spoiled,1,0.968663299,12.80334753,88.81886125,1,19.45235526,1.002345239
32.42765365,81.62892659,28,Spoiled,1,1.371519884,15.9946114,100.2317435,0,14.9331016,3.028496202
28.88169972,85.43910993,9,Spoiled,1,1.015785832,12.16332778,50.9275734,0,19.74417738,4.345495344
29.67566614,59.31837899,22,Spoiled,1,0.910329456,10.48362711,192.2554329,0,13.33560143,2.197538902
33.20065419,84.80395496,7,Risky,1,0.319067402,18.26340811,74.2171529,1,12.68326786,2.323447342
27.77281683,50.85077643,27,Safe,1,0.763489708,15.88000463,194.1119454,1,19.27554931,4.103679204
27.93974294,66.07723654,16,Spoiled,1,1.370973919,14.14141068,93.12667991,0,19.26728086,3.95129952
25.67840933,69.19502481,29,Spoiled,1,0.809883505,19.5794586,130.7330153,1,18.25032518,1.478764173
29.87995496,75.10021853,13,Spoiled,1,0.363088533,15.41113825,129.9985322,1,12.15520996,2.478269604
30.3512999,66.71067129,8,Risky,1,1.250563325,15.71607649,177.997578,0,19.27669356,0.681855525
29.21401765,66.85428009,14,Risky,1,1.023315076,11.84838398,124.7499542,0,17.07111569,0.983442791
37.03295471,54.41896453,26,Spoiled,1,1.069302491,17.63692269,131.5680606,1,19.66213327,0.046004488
26.11825966,64.18488631,27,Safe,1,0.469686779,15.23401371,154.24552,0,12.62169935,3.136292003
39.80330405,61.48955967,5,Spoiled,1,1.414695871,12.26772625,127.2750543,0,16.25888188,1.581877037
27.98073522,59.34431004,28,Safe,1,0.55431652,10.80105727,141.7012484,0,15.14271261,0.968585254
25.08283176,51.68372759,6,Safe,1,0.477316607,14.41833705,105.6460569,0,13.43720974,1.729142852
26.11066978,77.18589131,21,Spoiled,1,0.470489038,10.51150206,114.7710643,0,16.96001067,4.700899174
26.73803589,87.99844736,6,Spoiled,1,1.24091562,15.11707447,122.6259548,1,18.84740152,2.67760958
25.95337525,85.1647323,6,Spoiled,1,0.223738926,11.45326692,171.4968116,0,18.15011345,3.236111417
29.66473483,87.78928089,5,Spoiled,1,1.07852836,15.05696744,85.74345058,1,14.12470079,0.223841943
29.87774983,68.69606045,14,Risky,1,0.615686099,10.62041417,83.65744697,1,18.13786715,0.270238137
26.79391369,87.70927097,20,Spoiled,1,1.330860082,15.57873676,126.6640732,1,19.4538514,4.113239636
36.41177573,74.3094718,6,Risky,1,0.880272037,10.48694848,195.0452772,0,14.86575233,1.970418243
36.5645077,59.22679247,6,Spoiled,1,1.033586348,10.44065862,179.5147367,0,16.07988063,2.000776364
31.41311528,57.45753049,23,Spoiled,1,1.343365465,16.45572181,180.196944,0,19.44004302,4.008212949
26.6183714,64.00501037,26,Safe,1,1.361345254,19.4597089,157.7021267,1,15.93390354,2.453067879
34.54615617,88.76410521,28,Spoiled,1,1.25558193,12.96612482,63.86742756,0,18.45366246,3.530290573
36.33326708,80.32953903,23,Spoiled,1,1.498449657,12.45847442,193.720718,1,12.30227605,1.345598763
29.34627179,82.633325,25,Spoiled,1,1.229331074,16.84314249,184.3333611,0,12.41877743,4.960460935
26.65077887,82.38064299,18,Spoiled,1,0.424825452,13.35371606,123.6529644,0,16.92278273,0.568809794
32.66120954,60.39015135,28,Spoiled,1,1.271967479,13.15363743,116.7069165,0,16.92442099,4.70198517
31.26116505,78.93680455,7,Spoiled,1,0.96733668,13.93147129,136.4817485,1,12.31646005,1.303331913
39.14364556,77.33035055,14,Spoiled,1,0.921711109,17.97514045,157.397704,0,17.10511922,0.844168033
29.84804398,53.04523438,24,Spoiled,1,0.913330532,16.77545805,141.0986625,1,14.56450579,4.109007296
39.57673124,73.69631139,24,Spoiled,1,1.0903558,10.72734948,139.4213974,1,19.58098927,1.312543021
32.45872759,77.1206461,22,Spoiled,1,0.935592628,17.82425812,176.2433011,0,18.13043257,2.926304378
34.14346501,81.89704086,23,Spoiled,1,0.838748453,18.3062276,82.63819099,0,18.93721721,3.205030287
25.77218127,84.02326916,28,Spoiled,1,1.493883553,13.9933258,192.9960751,1,12.37571538,0.81960131
38.62398829,78.33451907,14,Spoiled,1,1.009312502,19.78220669,79.86401299,1,18.1063593,0.70434302
27.17342308,77.89885847,28,Spoiled,1,1.101140226,17.99157971,143.0352273,0,13.82936601,3.644352547
29.81170097,83.28536712,14,Spoiled,1,0.318689196,15.19611676,86.24883812,1,15.19775641,1.574666137
27.79777766,70.29870935,24,Spoiled,1,0.990316458,19.96526309,60.20559711,1,19.62962901,0.64489454
32.68139587,75.27254108,20,Spoiled,1,1.034864828,11.58736763,178.7484408,1,14.89745282,0.163999371
28.39743663,60.39214324,7,Risky,1,1.272313912,19.49273106,176.7296128,0,17.28375777,2.101676946
34.67759186,75.36022812,17,Spoiled,1,0.3376198,18.79601497,103.9513342,0,15.76653135,4.475500145
35.36406607,81.19381581,22,Spoiled,1,1.190743621,19.91532776,96.92512963,0,16.81349287,3.185237768
30.11599527,88.51968015,5,Spoiled,1,1.223935309,14.8380254,111.3773881,1,15.48837579,0.768746561
38.87040427,75.30487573,27,Spoiled,1,0.85030911,13.57811249,154.0066308,0,18.62339964,3.787345254
38.1600903,87.28112422,12,Spoiled,1,0.783893886,15.93780632,164.9368209,1,18.16994459,3.658526364
34.89976069,87.48913949,20,Spoiled,1,0.31516746,11.61457834,171.7440522,0,13.55303016,1.001699105
32.94475868,62.03854268,8,Risky,1,1.389830517,15.70286939,159.0527791,1,18.6796542,1.098613751
26.39654152,52.69402406,18,Safe,1,0.929976253,17.42271392,198.1052708,1,14.42566555,3.910009128
38.50627086,63.83532228,23,Spoiled,1,0.172785093,13.54831856,149.347687,0,15.76564758,2.266308863
34.49652186,74.83662071,13,Risky,1,0.144441272,17.80212649,141.4522862,1,13.25897267,3.960949691
30.08544687,51.82968135,16,Spoiled,1,0.692669202,15.63892921,187.2647682,0,12.24854504,4.193108981
30.23814362,84.86147225,15,Spoiled,1,0.218391529,12.61162433,73.45432125,0,19.5752232,3.273878756
35.88933518,88.93955877,18,Spoiled,1,0.949585738,16.94953119,162.7697245,1,13.92570069,1.142129262
38.4566539,88.75511421,27,Spoiled,1,1.333362208,15.67390944,135.2402924,0,13.91959123,1.370058902
38.30629636,79.98607327,20,Spoiled,1,1.336080743,17.96243609,91.19988047,1,12.66703243,1.574205777
36.69813319,55.20344961,5,Spoiled,1,1.022663574,17.35025186,121.1652371,1,19.42806202,0.584020539
34.63047469,80.33052784,17,Spoiled,1,0.395724564,16.10107922,100.0664896,1,16.63789692,1.365798102
38.47831283,62.94440877,25,Spoiled,1,0.375315019,12.61333018,135.3957477,0,14.76496135,4.542187739
25.13795577,80.81629671,6,Spoiled,1,0.501127368,15.99299287,127.8121771,1,12.31039564,3.60133962
26.52207314,77.33181506,8,Spoiled,1,1.223696437,15.13707855,57.67482597,0,13.49418023,3.436415022
35.68268832,77.74728903,29,Spoiled,1,0.187351696,19.41474238,119.5978126,0,13.66585447,0.198556038
36.19737108,77.21997208,9,Spoiled,1,1.465480387,10.91421992,180.1553147,1,14.23739085,3.183464572
33.52462905,56.04231567,10,Risky,1,0.219144881,15.21377021,171.1935992,1,13.93079763,2.366065934
26.40512152,67.29339204,22,Spoiled,1,0.63983663,18.96574658,165.1646927,1,12.62828994,3.08863462
30.89646587,60.96860809,15,Risky,1,0.475987034,18.90658455,146.9611063,0,19.67673718,4.006760291
32.5395564,59.19818424,16,Spoiled,1,1.462307517,17.49859931,145.8444533,0,12.32055269,4.131086879
33.65355827,58.52418816,13,Risky,1,1.16300951,19.13041467,62.21708193,1,19.87457583,1.138162679
32.38776541,51.24536332,25,Spoiled,1,1.454866051,15.72122964,115.2521892,1,15.06784898,2.622181729
27.92864482,76.06667302,28,Spoiled,1,0.715636681,11.80785151,93.89826465,1,13.21782571,4.03048374
35.83678173,64.74105375,6,Spoiled,1,0.489715874,12.68797615,131.8141925,0,17.33367084,1.767387376
39.10687877,84.74492672,25,Spoiled,1,0.28155057,15.87991629,65.6469631,1,18.68894892,0.494843117
38.92477844,75.04881287,24,Spoiled,1,0.394709716,11.7182946,66.00677287,0,18.2717748,4.898671674
31.42276222,55.24979511,6,Risky,1,1.232633096,15.18077498,147.433401,1,15.15845826,1.341380102
37.79514183,74.66601258,19,Spoiled,1,1.310522491,14.00312836,143.9082063,1,19.4611848,2.254932513
29.41673338,81.86149164,22,Spoiled,1,0.316895436,18.11866124,61.2918075,1,15.06447045,0.50376422
37.76705007,54.69232756,29,Spoiled,1,0.778353193,16.4937882,57.39634807,0,12.16272866,0.155874546
33.55091755,52.56835748,16,Spoiled,1,0.807712265,18.86171294,141.556409,1,15.87037517,3.465846801
26.45764741,73.27885608,15,Risky,1,0.3017103,14.58518562,175.2460679,0,15.92359277,4.006857677
39.85080775,81.90236403,7,Spoiled,1,0.483096585,16.63027204,66.87546958,0,18.42124995,1.681563638
38.16059608,50.4648216,20,Spoiled,1,0.74341768,19.96949417,145.866177,1,19.28659376,2.759143668
35.45523611,65.69974226,6,Spoiled,1,1.251333696,12.87221209,199.6508395,1,16.16184391,1.28559252
37.14041733,77.79927545,19,Spoiled,1,1.115008507,18.97385717,53.6966607,1,16.80765756,0.074280613
37.15170092,84.40489589,11,Spoiled,1,0.904002605,12.56191514,154.5033482,0,12.27438321,2.405628459
32.67013598,69.22027789,24,Spoiled,1,1.307084163,18.59111758,196.1658966,1,13.46338341,2.853322895
30.63374429,72.38594734,19,Spoiled,1,0.785149552,12.09690277,197.3723871,0,17.0992369,2.925973927
33.67420211,63.05845233,19,Spoiled,1,0.789596699,16.45602577,115.8695991,0,17.90636408,2.43028771
33.13966952,64.02507725,29,Spoiled,1,0.605965291,17.81890913,173.9585467,0,15.46213665,1.069006053
36.5499033,56.69930329,11,Spoiled,1,0.345688278,12.06817893,128.7977397,0,19.38578998,2.216601604
33.10952682,52.07885135,23,Spoiled,1,0.873727175,12.32224691,152.3767595,0,12.34928743,0.955259344
34.56144852,71.65185341,5,Risky,1,0.621042557,14.05325361,149.3348237,1,13.89306505,2.203774717
39.63778119,84.83876495,27,Spoiled,1,0.297712961,11.98631614,90.22148444,0,12.0733244,4.081139259
31.58457131,53.20459386,18,Spoiled,1,0.355972892,18.96995289,139.6523503,1,12.53592876,3.021903595
25.38026115,71.90369505,25,Spoiled,1,0.499990595,11.82813389,183.6248222,0,13.95796064,2.474142283
37.53970181,68.09273138,7,Spoiled,1,1.457897135,13.7667644,118.8955532,0,15.32730923,3.852058935
35.43961309,75.74310781,23,Spoiled,1,0.899764658,13.39240661,61.54537745,1,17.76266695,2.49809206
27.34655564,53.26519928,21,Safe,1,1.216825169,11.09013616,86.69825819,1,13.53021897,3.316813055
39.32297921,89.03461023,27,Spoiled,1,0.345172396,18.58698121,78.8739726,0,16.57518018,2.649169445
34.17581119,81.58794029,29,Spoiled,1,0.405490548,11.46695114,173.0761256,1,16.27228891,0.589693374
31.29400094,76.34831102,23,Spoiled,1,1.323700483,16.90322847,164.0052353,1,19.03570155,3.274705523
35.55486789,77.2091297,11,Spoiled,1,0.741653032,18.02396031,77.98851453,0,17.37043539,4.854523557
34.23775147,67.01973338,18,Spoiled,1,0.433405315,19.45749702,135.9155415,1,19.56621198,0.601354816
30.61918922,89.50598255,25,Spoiled,1,0.752819178,11.31686903,102.4421598,1,14.11853057,1.869693568
32.54704388,84.68125984,12,Risky,1,0.316289086,17.4197773,91.13193337,0,17.75967631,0.111014065
34.88040447,67.54461677,13,Risky,1,0.7019793,12.52314736,160.2842777,1,13.75247338,4.605347431
39.10345362,61.07311189,15,Spoiled,1,0.338991709,18.4909802,102.872157,1,19.12176536,4.715103548
33.63211267,73.69401314,25,Spoiled,1,0.142649161,13.83397141,68.91652125,0,14.16278872,3.975364406
31.87379336,74.91866334,18,Spoiled,1,0.81481306,15.48909632,178.790016,0,15.69445185,1.924793613
26.41664441,84.17540373,28,Spoiled,1,0.324951419,18.38853862,175.1687379,1,15.66602652,3.427693103
26.06782973,59.88924298,20,Safe,1,0.728654275,16.97024166,162.1280955,0,13.93411606,0.973969013
37.67312966,67.8122102,20,Spoiled,1,0.169460123,18.79279556,92.92025637,0,19.09465232,4.012803741
37.05221396,63.00760257,20,Spoiled,1,1.151077509,12.70559256,85.30748928,0,13.86899811,0.03394087
27.66159316,55.23494643,9,Safe,1,1.181879988,19.42058219,187.2252425,1,18.24067219,0.344950044
30.58027129,56.7903162,13,Risky,1,0.642251525,10.10715298,186.7677669,1,15.03939433,4.680627858
36.64619441,70.79095794,13,Risky,1,0.192631264,15.44257337,71.99218357,0,16.01548465,2.600801115
37.87619128,67.23550095,21,Spoiled,1,0.834629893,13.57192334,73.5140643,0,15.89124028,1.974951353
36.31814311,78.27108868,5,Spoiled,1,0.583117244,14.40664883,163.2241188,0,18.50186323,1.88898412
29.80074402,76.5521811,12,Spoiled,1,0.47169497,19.82739541,93.83734351,0,19.57845519,0.329460825
30.83802518,83.76681796,26,Spoiled,1,1.049899956,10.73364067,103.1822313,0,13.08413499,2.037026358
34.47755818,71.24678112,26,Spoiled,1,1.448704449,16.48747114,186.0478278,1,18.35730314,0.788305134
31.72668283,87.46422769,12,Spoiled,1,0.114398294,14.18969774,75.31241576,1,15.65053456,0.87005224
29.39816158,51.57374163,25,Spoiled,1,1.102469963,14.58028617,195.249044,0,13.36614608,3.803796542
29.92996818,54.88439656,23,Spoiled,1,1.088744628,12.56647207,117.9325041,0,14.13767916,0.079190355
26.36809155,51.66291436,8,Safe,1,0.210515164,19.95734452,95.56025693,1,17.71761853,1.566838472
25.8633814,89.46520492,11,Spoiled,1,0.465467937,19.20691401,71.58019495,0,19.29803649,3.667009247
38.31556274,88.07247142,16,Spoiled,1,1.409678319,12.04242106,169.3367564,0,13.05252245,0.488093803
26.75600525,84.71673178,7,Spoiled,1,0.621512504,12.19634929,69.54806498,0,19.16068138,1.749477318
36.42265948,70.62384114,16,Spoiled,1,0.186531845,19.15001538,79.5774473,1,18.87459961,1.797715723
37.32790089,78.18723051,5,Spoiled,1,0.725400338,17.24029189,148.3731151,0,12.36855336,3.98473752
35.59363341,58.07413808,12,Spoiled,1,0.802125144,19.28807961,130.5913511,0,16.35102337,2.952130516
26.27256571,88.79648184,10,Spoiled,1,0.759344353,11.19140672,152.4006729,1,15.78747947,2.740107486
30.61406194,76.90408473,26,Spoiled,1,1.151647992,13.48831907,89.91520528,0,18.95040877,3.963517029
39.79001596,77.70503809,16,Spoiled,1,1.244370986,11.10603599,135.4245888,0,19.2446571,3.38670923
36.30067278,83.52461159,10,Spoiled,1,1.159867361,10.35590231,174.8586563,0,12.95807973,0.122134415
32.38937656,87.23794782,7,Risky,1,1.353787987,13.4124445,86.5422188,0,18.82716587,4.607288681
39.43258823,89.97654903,17,Spoiled,1,1.263328839,19.88840541,96.55563337,0,15.55583982,3.967687011
28.35393758,84.83013801,21,Spoiled,1,0.50312348,12.48604885,76.21719273,0,12.00321235,0.10993261
25.64739868,85.14062245,5,Spoiled,1,0.707381492,10.97366894,60.09269194,1,15.08989116,1.825469601
39.89447194,76.70373542,25,Spoiled,1,0.865373955,10.06982262,144.9768012,1,14.56569732,1.712376096
39.53953803,81.91254595,15,Spoiled,1,1.12620015,18.18869271,157.9082233,0,12.18746364,2.944680113
33.76471468,62.9834332,21,Spoiled,1,1.357741053,12.33567361,85.25469482,0,16.84811066,0.132234513
38.51737016,64.65846139,13,Spoiled,1,0.659326298,10.6818662,147.8421669,0,16.56250006,1.677786008
26.16601955,68.53976175,23,Spoiled,1,0.932786331,10.60226945,194.8172952,1,12.84904015,0.354580957
39.79316117,84.53334598,17,Spoiled,1,0.145420824,12.98066201,125.431328,0,13.28570679,3.856615716
35.27096759,65.20782475,16,Spoiled,1,0.895164016,16.34906659,74.55934368,0,17.11509137,4.142651298
27.43925409,65.95291124,23,Spoiled,1,0.514900659,11.23846027,94.91346872,1,13.03229127,3.941376041
37.33805864,71.34410187,12,Risky,1,1.246236321,19.09429504,90.75763983,1,14.19764026,3.5433836
39.2469987,74.31620371,12,Risky,1,1.476994089,11.90128766,172.3933684,1,19.1020122,1.074273032
25.67828005,57.83111943,17,Safe,1,0.173871361,18.59645345,112.424142,1,12.24970848,2.542694457
37.63178385,54.05683314,27,Spoiled,1,1.248974625,18.8819135,189.3145132,0,15.54188742,4.288827742
32.0303974,60.27106271,19,Spoiled,1,0.591146753,12.84184296,176.4418224,1,13.96799792,0.654656261
37.19351514,62.45230797,8,Spoiled,1,0.218563679,11.59879763,104.1824088,0,13.55031304,4.126542012
36.53481123,66.54196406,9,Spoiled,1,0.409734175,15.03345131,130.2199199,0,16.58793411,2.322913822
39.17148595,54.87544373,23,Spoiled,1,0.633387783,17.96440562,199.433674,1,13.72195056,3.721841022
39.31076541,78.36185047,5,Spoiled,1,0.524600247,10.87446502,139.3122202,1,13.8724622,2.312284085
35.07551027,60.26251135,19,Spoiled,1,1.407249192,10.39811439,140.645663,0,17.23388624,2.31309636
35.07359793,72.00906169,13,Risky,1,0.765834669,13.52327054,64.03391104,0,17.55090674,0.898989067
32.80245252,88.05613369,23,Spoiled,1,1.018973445,13.92217793,85.47123684,0,14.14219452,3.764930965
27.01022843,74.43923955,23,Spoiled,1,0.262901879,13.81616499,193.9618582,1,12.33760375,0.246368268
35.56119652,64.13685517,11,Spoiled,1,0.207524268,11.92016085,164.3541821,1,18.08371685,1.586276082
27.04557213,81.22102061,24,Spoiled,1,0.870928731,19.3806414,51.29285039,1,19.56619774,2.654295171
33.8487653,66.94953015,6,Risky,1,1.240539407,16.2543345,118.3092358,0,17.63594909,4.063465217
30.88366068,76.70199597,10,Spoiled,1,0.956563428,18.08268211,127.7023023,1,15.63077251,0.663019954
30.22383201,68.07070715,12,Risky,1,0.248224045,13.13703125,157.7102242,0,15.84107952,2.585604441
30.94814173,79.4749498,13,Spoiled,1,1.046152095,11.48506782,84.95284466,0,16.63303843,3.949323105
34.3313005,84.5118831,16,Spoiled,1,1.021423754,15.96467075,171.9713007,1,13.51262123,3.091731535
32.3817444,74.28376144,17,Spoiled,1,1.25822301,12.37483305,174.490939,1,16.83339151,3.717721348
32.38927141,73.77905341,21,Spoiled,1,1.331062302,16.96079862,150.3902438,0,15.22228427,1.134185512
28.60218428,55.4575901,28,Spoiled,1,0.803398202,12.04087661,80.63847019,0,15.4478645,2.574637544
26.92068758,67.1279846,25,Spoiled,1,0.408624406,11.80158648,199.3467765,0,16.4892017,4.262693704
27.08240759,77.69744605,15,Spoiled,1,1.40802576,18.83683968,122.8828409,1,14.60334625,2.457571129
30.18500925,54.16438598,7,Risky,1,0.981748916,10.25348604,170.122715,0,14.29007228,2.975231725
38.45182615,78.97355269,17,Spoiled,1,0.664494886,16.90046888,117.6695105,0,15.39046548,0.450978501
35.01336608,60.96642666,13,Spoiled,1,0.843811626,10.55740854,137.9353248,0,12.19757838,0.448158867
27.88433528,53.42632998,10,Safe,1,0.699841065,12.40803816,78.84736592,1,16.29262552,3.57831326
25.61302924,85.76763499,16,Spoiled,1,1.12409505,13.86807242,119.5904395,0,14.2257375,3.940798941
27.53402595,57.67469299,6,Safe,1,1.254260125,10.80580812,86.87278805,1,12.49286388,3.520521804
27.65515726,59.06625609,7,Safe,1,1.266101602,12.97977235,100.311022,1,19.16027087,2.249563905
31.91168152,70.76239164,13,Risky,1,0.703822389,10.06047043,144.7316568,1,12.52480612,2.495180865
28.09500578,52.70450254,27,Spoiled,1,0.63065668,14.83860219,131.4410667,0,17.5249225,4.657675246
38.10367936,63.32007652,28,Spoiled,1,0.555295675,15.46677265,74.68490876,1,16.77693296,1.899799761
38.81308601,76.77947821,11,Spoiled,1,0.15497718,18.84478728,110.9498346,1,15.39348045,2.24242614
37.0930192,72.31133669,9,Risky,1,1.469696702,11.95458,112.8385437,0,18.60107901,2.260914697
36.22389536,79.22602041,11,Spoiled,1,1.452046094,11.66229362,127.5908255,1,15.88204483,0.667577757
27.76781529,68.60822449,8,Risky,1,0.653217416,19.16489151,62.63195168,1,16.34724682,0.239788662
28.14023985,52.4056937,9,Risky,1,1.119719196,13.27838199,197.6863845,1,14.4380873,3.877047573
30.55708154,72.49187264,28,Spoiled,1,0.584128538,13.72082255,149.9610957,0,13.45446773,2.853415875
28.78655417,68.01483745,22,Spoiled,1,1.486465225,10.49605908,86.81816938,0,15.75341997,0.651703618
32.67516163,76.59646898,19,Spoiled,1,1.023308374,12.26978539,151.0129593,1,14.47705448,4.929292202
32.989259,65.97263663,10,Risky,1,0.353656591,13.421326,99.63721487,1,15.68082101,2.938516142
28.63705755,56.09664053,9,Risky,1,0.971854765,19.61550732,87.24312194,0,13.54757782,0.320217619
30.65926245,87.08003872,6,Spoiled,1,0.530102984,14.890484,108.408467,1,12.18437671,4.807498396
25.30106797,71.59828521,20,Spoiled,1,0.865041958,13.51649872,159.8919049,1,19.1739724,1.233737103
28.1717201,70.83831909,28,Spoiled,1,0.324315841,15.68955483,81.81218562,1,13.82027102,0.110672255
38.35790921,80.21081682,5,Spoiled,1,1.16019617,13.41849042,111.6690917,0,17.11410307,1.350292331
36.83756858,81.28112351,17,Spoiled,1,0.650345471,13.63255352,181.9089585,0,17.15805381,2.081085155
33.80261677,60.5245028,28,Spoiled,1,0.943429219,17.41627287,51.06377192,0,14.04816938,4.293360275
29.25663859,72.15208963,8,Risky,1,1.268926088,10.51263459,73.94995241,1,15.49718484,0.575054684
34.68875862,65.87926068,26,Spoiled,1,0.289643352,16.7375623,142.4436123,1,16.83203998,2.207736444
34.08662229,86.77567893,22,Spoiled,1,0.687478336,16.34744141,105.3087733,1,15.23764699,1.909900227
28.68936593,58.34042057,14,Risky,1,0.650053152,12.04064389,192.0729404,1,14.93822161,4.507429256
27.4102206,87.22380859,9,Spoiled,1,0.140113399,12.91911173,110.9694077,1,19.31051618,1.351916177
27.79850536,54.65465592,9,Safe,1,0.916553349,17.48608709,165.7754053,0,14.94636374,4.017708884
37.98260689,77.79804356,19,Spoiled,1,0.480088804,12.52172877,93.37255017,1,15.18600188,4.366271783
27.56331381,75.63888309,17,Spoiled,1,0.869815988,12.05980036,72.48638799,1,12.10212341,3.250462256
35.0296483,82.89922255,20,Spoiled,1,0.170802345,10.00943415,130.6371707,0,18.97241485,3.268282382
38.94063984,55.30098691,26,Spoiled,1,0.696569733,10.39265052,136.3688707,0,15.5739162,4.781105868
33.3514434,84.48057929,8,Risky,1,1.265308956,19.77283823,146.7725125,0,14.74373216,0.015104357
29.1996864,69.48247675,9,Risky,1,0.414045982,16.6331071,194.0550162,1,15.51572299,4.638957397
36.542394,74.25011751,13,Risky,1,0.416510699,18.39099699,56.68821391,1,15.97058217,4.660669577
29.85518855,56.99354509,17,Spoiled,1,1.402557788,11.531445,52.10217763,1,17.42928075,3.828816605
31.38154658,70.10264306,6,Risky,1,0.23350529,17.28116437,135.028765,0,15.36717223,0.45741479
27.01622015,70.24567451,25,Spoiled,1,0.841916822,18.15745381,122.7935951,1,13.70280069,0.850713701
35.22254083,76.0080437,11,Spoiled,1,0.308949258,18.69649685,73.58058253,1,16.45454688,0.766824137
36.4034179,56.08099413,8,Spoiled,1,0.475444115,10.88134431,194.3507086,0,19.57102923,3.666639544
27.71849599,54.85539758,21,Safe,1,1.340520552,10.41497326,69.87059845,0,14.28195474,4.779594
33.6170967,77.68645367,12,Risky,1,0.421991256,18.57934914,63.42096842,1,12.45105483,4.230969331
36.92900968,89.86787415,28,Spoiled,1,1.041337381,19.53120114,178.4230433,0,16.48278939,0.783814738
27.45483914,74.60877753,9,Risky,1,1.042328983,19.30165203,63.60813241,0,14.83876579,2.687084693
27.46398697,62.25014483,11,Safe,1,1.254090626,15.27587973,89.40432155,1,16.90147476,0.112521637
32.84598137,67.04333536,9,Risky,1,1.133131326,17.26084851,157.9995204,0,17.12386635,3.400230282
30.38245726,55.22841507,21,Spoiled,1,0.604664307,11.21302998,65.17484294,1,14.07559337,3.175784944
30.88667661,67.99138595,8,Risky,1,0.478901519,15.32470908,103.4100949,1,12.95417338,0.090160049
37.24899159,57.78490047,26,Spoiled,1,0.213721489,15.64416588,168.3370944,0,13.79665906,2.785237931
31.58702363,64.71037404,23,Spoiled,1,1.489614514,16.00583197,85.05356732,0,16.00158348,3.936744242
28.48319043,66.64615993,19,Spoiled,1,0.90892987,19.22603757,179.9893533,1,15.14945509,4.390575985
30.75836832,50.76769107,26,Spoiled,1,0.50521533,15.91716969,69.06657363,1,12.48973327,3.370960583
33.15329292,60.39252835,25,Spoiled,1,0.754753697,11.92023369,114.1312783,0,16.72732874,4.021305772
39.09748185,58.60807488,9,Spoiled,1,0.562398535,14.89785868,65.86947804,1,18.23625345,4.015227623
30.02358422,59.6480583,28,Spoiled,1,1.290804339,13.34442527,172.1937584,1,18.63715044,1.940607284
27.08908109,89.0349502,24,Spoiled,1,0.382139729,15.19312693,190.4244562,0,17.63149334,0.47845058
38.40838875,54.38944795,10,Spoiled,1,0.87866697,10.8496629,109.1285742,0,15.71883825,2.065972394
25.50298652,56.00194659,16,Safe,1,1.488747846,13.47002335,174.7912313,1,18.48483079,4.141063789
38.15148455,69.04072517,27,Spoiled,1,1.171508709,15.0237182,123.7892036,1,12.90709676,3.280730459
26.65947605,68.37787074,15,Risky,1,0.243979629,10.36712943,169.0932627,1,19.15279629,2.710166725
26.91232993,85.68338756,28,Spoiled,1,1.470812177,13.36323394,100.1068323,0,12.44125272,4.499547717
27.24876141,62.61627583,15,Safe,1,0.554061128,15.52814876,192.3921758,0,14.93735701,1.965852173
28.43877093,77.52538824,29,Spoiled,1,1.047077249,17.40663581,95.76495302,0,16.3383998,1.938821643
35.83378853,67.50412496,23,Spoiled,1,0.931938558,14.85017988,75.32889341,0,13.18480639,1.434334375
33.14086665,86.07047969,25,Spoiled,1,0.700687317,16.14186244,98.47178259,1,16.64637464,3.38805591
28.77698588,68.45909858,18,Spoiled,1,0.486291772,12.36609783,131.6162936,0,17.7151005,0.864100257
27.72396575,76.37415689,23,Spoiled,1,0.416781402,14.29149492,103.4838382,1,17.64397322,0.307715171
33.75087692,75.46678729,19,Spoiled,1,0.426665952,11.06160354,194.8276877,0,15.15472917,3.842105356
39.20925009,70.73632088,17,Spoiled,1,0.406199444,11.94958271,86.52005661,1,16.27643636,2.317739196
34.17181353,77.20911117,12,Risky,1,1.289224969,15.7680792,156.3944191,1,16.17489836,2.565386092
35.44976236,52.85026911,21,Spoiled,1,1.40040337,11.17972484,134.5605652,1,19.1580959,4.536215836
38.83749072,50.48433901,5,Spoiled,1,0.564760107,10.45151364,80.74688492,1,12.94045799,3.701565154
35.60857951,88.26005593,12,Spoiled,1,0.751471708,14.37899887,161.2993087,1,19.92178028,2.714206872
34.1007257,61.86142325,7,Risky,1,0.462028228,14.21712618,79.72945796,0,19.97938351,2.602602668
31.36196007,63.98812919,9,Risky,1,0.138993137,10.39922533,181.1597048,1,14.24859108,3.276915997
26.69857069,53.93582599,20,Safe,1,0.514304841,13.15533181,68.99556883,0,14.56144934,2.257735114
37.5834713,80.57490649,26,Spoiled,1,1.451423813,13.66798321,123.9545188,1,13.50322871,3.43732402
25.06948035,54.85545673,6,Safe,1,1.384175293,14.55649549,148.835271,0,14.56428933,4.791638432
30.20429803,88.7395511,19,Spoiled,1,1.0769659,10.56224295,50.58775624,1,13.25788532,2.512738034
31.78659274,74.07526359,12,Risky,1,1.051486455,15.46407074,126.4589113,0,19.1174993,1.385127244
32.47551659,82.47079152,11,Risky,1,0.101556932,18.52048416,92.70121083,1,18.00535211,3.433778601
31.28388174,76.25914429,11,Spoiled,1,0.480736383,15.59218132,106.3956833,1,15.90883941,3.371098162
30.43590849,63.53070024,5,Risky,1,1.026568419,10.99579714,130.9492683,1,14.60464906,0.173995999
33.70882525,87.12334561,8,Risky,1,0.98719624,10.16028156,61.62254398,0,19.8687784,2.046247869
31.21936186,59.62770847,12,Risky,1,0.579823296,15.75665253,119.9561892,0,15.60019392,4.135790742
26.00614716,61.43627157,8,Safe,1,1.009703265,18.79837748,75.21771464,0,17.51314686,2.245741014
28.1485839,84.45479985,6,Spoiled,1,0.662838104,18.99248918,123.1062212,0,13.60123369,0.455686695
28.07709461,86.75706135,27,Spoiled,1,1.191749238,11.31287972,191.9280341,0,16.73446326,1.06868344
25.98562959,79.13962709,8,Spoiled,1,0.456273864,16.76398369,78.1020187,1,18.01927387,1.857316697
32.86585404,57.09715078,7,Risky,1,1.29161103,17.56451088,158.4995456,1,17.35508339,1.017677612
39.19173193,79.0391964,17,Spoiled,1,0.949989393,11.47958334,88.19956488,0,14.86010663,2.770848608
35.73958343,73.61390762,27,Spoiled,1,1.482270622,15.6541594,143.8761792,1,16.49084659,0.679663737
25.40643989,61.90193805,14,Safe,1,0.844620473,10.34431309,175.4659606,1,16.22249687,1.070881264
28.32958243,72.60087971,20,Spoiled,1,1.32306594,14.4582555,126.7907946,0,16.14103863,0.300365842
28.46612195,77.55541208,10,Spoiled,1,1.493796461,18.16655243,129.0511437,1,16.62301665,1.627516691
35.07839115,84.93291663,6,Spoiled,1,0.915800229,18.85238879,134.2391762,0,17.99452284,0.718438126
25.29565807,75.45165416,6,Spoiled,1,1.237463349,10.86706568,75.62205595,0,19.71752383,3.549665367
36.99874128,56.4028654,28,Spoiled,1,0.52804154,19.13229686,97.82259843,1,12.42747682,0.719172355
34.79119162,50.37326479,6,Risky,1,1.041510168,18.29565831,81.51766639,0,16.239005,4.040785245
26.49162089,79.0584686,7,Spoiled,1,0.541335209,19.3539449,195.517533,1,15.85938881,3.031083211
35.83400398,53.96712398,27,Spoiled,1,0.985354759,19.41334393,170.4046108,0,18.14471503,2.927429692
37.83544702,66.05977263,18,Spoiled,1,0.279656207,16.76617234,168.2052724,1,17.97779716,1.578268135
37.45329797,82.00283875,28,Spoiled,1,0.909889512,13.63403932,94.58211708,0,14.49362657,0.434697803
28.07476443,79.32285184,11,Spoiled,1,1.154860955,13.32172522,154.6147426,0,12.57885806,2.140096762
38.44503728,57.52098938,11,Spoiled,1,0.799942589,17.653163,167.4118511,0,14.05329352,1.319030375
26.28262796,81.35167138,21,Spoiled,1,0.96684183,12.04802409,153.7891045,1,19.48795343,2.594686821
33.74562341,51.4124542,25,Spoiled,1,0.720247189,13.87223141,81.39591138,0,14.75183709,2.355862797
37.26165343,88.3229392,23,Spoiled,1,0.374744003,19.8294688,110.3789533,0,18.00632185,4.141890728
28.8913515,63.07726465,29,Spoiled,1,1.448871926,17.17676158,147.5382607,0,14.84231715,1.186271818
33.28070771,67.94442524,14,Risky,1,0.17983768,11.80657541,57.68364446,0,18.72628058,3.617903502
36.45408691,65.66102793,24,Spoiled,1,0.427237109,17.56192234,102.6064682,0,15.57818375,2.132959505
38.02701964,77.82472586,22,Spoiled,1,1.248094503,16.08211377,170.4755767,0,19.63305313,4.226127791
36.99782884,64.21972042,18,Spoiled,1,1.065034577,12.28331252,106.0029742,1,15.40714524,4.416748505
31.37820257,81.76789325,24,Spoiled,1,0.453236698,10.58457987,72.71156659,0,19.88419307,2.47858505
33.12451322,69.2389156,19,Spoiled,1,1.357109411,11.68020052,78.55726794,0,12.04279191,1.100331274
28.86831528,52.59414378,8,Risky,1,0.916382307,13.99983018,65.87075373,0,19.22440522,4.328636186
26.76626624,69.93022729,22,Spoiled,1,1.375874866,14.10731543,76.17477296,0,18.48112073,2.270837351
37.44612706,78.30723739,16,Spoiled,1,1.082950436,10.38400877,180.0232229,1,17.32218269,0.449128763
38.50027963,55.89810107,21,Spoiled,1,1.158755308,15.01945405,131.6189003,1,17.88762848,2.159218462
38.71617919,79.42652457,28,Spoiled,1,0.918360359,14.56888072,158.0167,1,14.42112273,0.617862453
29.33040605,72.87489085,15,Risky,1,0.660985834,18.77749405,82.31943609,0,13.57153052,2.459379797
35.78568858,57.37905013,13,Spoiled,1,1.336583042,18.26464609,177.7305758,1,12.70174113,3.356840044
39.05244609,83.26788175,22,Spoiled,1,1.007526856,12.90876854,197.2132137,0,14.26032691,3.959805072
28.93396066,87.6271698,23,Spoiled,1,1.008271541,11.92676396,102.5010303,0,16.03111037,1.273602502
32.44549371,84.90921002,20,Spoiled,1,0.768382665,17.80048087,132.4117748,0,14.59550583,2.057054659
26.5989738,68.32747547,9,Risky,1,0.573318173,13.32729477,104.6849641,0,18.42643659,1.153193201
37.28653477,79.18032915,14,Spoiled,1,0.873312593,14.60355373,81.12672431,0,19.55800064,2.832218425
36.99123818,80.62051596,19,Spoiled,1,0.933321626,17.09671344,135.3219105,0,15.91372999,2.358781547
29.08217706,74.40900598,25,Spoiled,1,0.907774257,10.5017535,114.8174355,1,19.39374748,3.66118957
30.41460845,80.05500344,15,Spoiled,1,1.224216634,17.20456741,117.832265,0,16.65139916,3.34090331
26.3737311,76.27820625,17,Spoiled,1,0.85639045,12.81825003,71.4178455,0,16.3914602,4.479060507
38.75970363,88.26458484,9,Spoiled,1,0.210992398,11.84301397,108.415202,0,13.75456321,0.288940985
